Workbook

Sheet 사용법
A1: 사용 순서
A2: 1. [설정] 시트의 노란 칸(수수료·할인율·광고비·기준 마진)을 내 실제 조건으로 수정합니다. 기본값은 모두 가정값입니다.
A3: 2. [가격비교] 4~5행의 [예시] 가상 데이터를 지우고, 후보 상품을 한 줄에 하나씩 입력합니다.
A4: 3. 같은 상품을 스페셜오퍼 → 도매매 → 도매꾹 순으로 검색해 '단가'와 '배송비'를 입력합니다. 없는 곳은 비워두세요.
A5: 4. 도매꾹은 '최소구매수량'도 입력합니다. 1보다 크면 빨갛게 표시되며 위탁판매가 어렵습니다.
A6: 5. 네이버쇼핑·쿠팡에서 '배송비 포함 최저가'를 입력합니다. 반드시 같은 모델·규격끼리 비교하세요.
A7: 6. 판정 열에서 '✅ 판매추천' 상품만 필터로 모아 [소싱체크리스트]로 최종 점검합니다.
A8: 7. 당근 판매가를 따로 정하고 싶으면 '당근 판매가(직접입력)' 칸에 입력하면 그 값으로 다시 계산됩니다.
A10: 색상 규칙: 노란 칸 = 입력 · 흰 칸 = 자동 계산(수정 금지) · 파란 글씨 = 직접 넣은 값
A11: 주의: 가격·수수료·배송비는 수시로 바뀝니다. 발주 전 반드시 사이트에서 다시 확인하세요.

Sheet 가격비교
A1: 도매 3사 × 오픈마켓 가격경쟁력 비교표
A2: 노란 칸=직접 입력 · 흰 칸=자동 계산 · 모든 가격은 '1개 기준, 배송비 포함' 원 단위 · 4~5행은 가상 예시(지우고 사용)
A3: 상품 정보 | E3: 스페셜오퍼 | H3: 도매매 | K3: 도매꾹 | O3: 소싱 결과 | R3: 시장가 (스마트스토어·쿠팡) | V3: 당근 비즈프로필 | AB3: 오픈마켓 판매 시 | AD3: 판정
A4: No | B4: 상품명 | C4: 모델/규격 (동일상품 확인) | D4: 카테고리 | E4: 단가 | F4: 배송비 | G4: 합계 | H4: 단가 | I4: 배송비 | J4: 합계 | K4: 단가 | L4: 배송비 | M4: 합계 | N4: 최소구매 수량 | O4: 최저 원가 | P4: 최저 소싱처 | Q4: 소싱처간 가격차 | R4: 스마트스토어 최저가 | S4: 쿠팡 최저가 | T4: 시장 최저가 | U4: 원가율 (낮을수록↑) | V4: 당근 권장가 | W4: 당근 판매가 (직접입력) | X4: 적용 판매가 | Y4: 당근 수수료 | Z4: 당근 순마진 | AA4: 당근 마진율 | AB4: 스마트스토어 마진 | AC4: 쿠팡 마진 | AD4: 판정 | AE4: 메모 (출고등급·취소율·리뷰수 등)
A5: 1 | B5: [예시] 접이식 실리콘 수납바구니 | C5: 대형 3단 | D5: 생활 | E5: 6900 | F5: 3000 | G5: =IF(E5="","",E5+F5) | H5: 7200 | I5: 2500 | J5: =IF(H5="","",H5+I5) | K5: 5800 | L5: 3500 | M5: =IF(K5="","",K5+L5) | N5: 1 | O5: =IF(COUNT(G5,J5,M5)=0,"",MIN(G5,J5,M5)) | P5: =IF(O5="","",IF(O5=G5,"스페셜오퍼",IF(O5=J5,"도매매","도매꾹"))) | Q5: =IF(COUNT(G5,J5,M5)<2,"",MAX(G5,J5,M5)-MIN(G5,J5,M5)) | R5: 16900 | S5: 15800 | T5: =IF(COUNT(R5,S5)=0,"",MIN(R5,S5)) | U5: =IF(OR(O5="",T5=""),"",O5/T5) | V5: =IF(T5="","",ROUNDDOWN(T5*(1-설정!$B$3),-2)) | X5: =IF(W5<>"",W5,V5) | Y5: =IF(X5="","",X5*설정!$B$4) | Z5: =IF(OR(X5="",O5=""),"",X5-Y5-O5-설정!$B$7) | AA5: =IF(OR(Z5="",X5=0),"",Z5/X5) | AB5: =IF(OR(T5="",O5=""),"",(T5+설정!$B$10)*(1-설정!$B$5)-O5) | AC5: =IF(OR(T5="",O5=""),"",(T5+설정!$B$10)*(1-설정!$B$6)-O5) | AD5: =IF(B5="","",IF(OR(O5="",T5=""),"가격 입력 필요",IF(Z5<=0,"❌ 제외",IF(AND(P5="도매꾹",N5>1),"⚠️ 최소수량 확인",IF(AND(AA5>=설정!$B$8,Z5>=설정!$B$9),"✅ 판매추천",IF(Z5>0,"⚠️ 마진부족","❌ 제외")))))) | AE5: 가상 예시 · 스페셜오퍼 출고 최우수/취소 0%
A6: 2 | B6: [예시] 휴대용 미니 선풍기 | C6: USB충전 | D6: 계절가전 | E6: 4500 | F6: 3000 | G6: =IF(E6="","",E6+F6) | H6: 4300 | I6: 3000 | J6: =IF(H6="","",H6+I6) | K6: 3900 | L6: 3000 | M6: =IF(K6="","",K6+L6) | N6: 10 | O6: =IF(COUNT(G6,J6,M6)=0,"",MIN(G6,J6,M6)) | P6: =IF(O6="","",IF(O6=G6,"스페셜오퍼",IF(O6=J6,"도매매","도매꾹"))) | Q6: =IF(COUNT(G6,J6,M6)<2,"",MAX(G6,J6,M6)-MIN(G6,J6,M6)) | R6: 8900 | S6: 8500 | T6: =IF(COUNT(R6,S6)=0,"",MIN(R6,S6)) | U6: =IF(OR(O6="",T6=""),"",O6/T6) | V6: =IF(T6="","",ROUNDDOWN(T6*(1-설정!$B$3),-2)) | X6: =IF(W6<>"",W6,V6) | Y6: =IF(X6="","",X6*설정!$B$4) | Z6: =IF(OR(X6="",O6=""),"",X6-Y6-O6-설정!$B$7) | AA6: =IF(OR(Z6="",X6=0),"",Z6/X6) | AB6: =IF(OR(T6="",O6=""),"",(T6+설정!$B$10)*(1-설정!$B$5)-O6) | AC6: =IF(OR(T6="",O6=""),"",(T6+설정!$B$10)*(1-설정!$B$6)-O6) | AD6: =IF(B6="","",IF(OR(O6="",T6=""),"가격 입력 필요",IF(Z6<=0,"❌ 제외",IF(AND(P6="도매꾹",N6>1),"⚠️ 최소수량 확인",IF(AND(AA6>=설정!$B$8,Z6>=설정!$B$9),"✅ 판매추천",IF(Z6>0,"⚠️ 마진부족","❌ 제외")))))) | AE6: 가상 예시 · 도매꾹 최소 10개 → 위탁 불가, 재확인
A7: 3 | G7: =IF(E7="","",E7+F7) | J7: =IF(H7="","",H7+I7) | M7: =IF(K7="","",K7+L7) | O7: =IF(COUNT(G7,J7,M7)=0,"",MIN(G7,J7,M7)) | P7: =IF(O7="","",IF(O7=G7,"스페셜오퍼",IF(O7=J7,"도매매","도매꾹"))) | Q7: =IF(COUNT(G7,J7,M7)<2,"",MAX(G7,J7,M7)-MIN(G7,J7,M7)) | T7: =IF(COUNT(R7,S7)=0,"",MIN(R7,S7)) | U7: =IF(OR(O7="",T7=""),"",O7/T7) | V7: =IF(T7="","",ROUNDDOWN(T7*(1-설정!$B$3),-2)) | X7: =IF(W7<>"",W7,V7) | Y7: =IF(X7="","",X7*설정!$B$4) | Z7: =IF(OR(X7="",O7=""),"",X7-Y7-O7-설정!$B$7) | AA7: =IF(OR(Z7="",X7=0),"",Z7/X7) | AB7: =IF(OR(T7="",O7=""),"",(T7+설정!$B$10)*(1-설정!$B$5)-O7) | AC7: =IF(OR(T7="",O7=""),"",(T7+설정!$B$10)*(1-설정!$B$6)-O7) | AD7: =IF(B7="","",IF(OR(O7="",T7=""),"가격 입력 필요",IF(Z7<=0,"❌ 제외",IF(AND(P7="도매꾹",N7>1),"⚠️ 최소수량 확인",IF(AND(AA7>=설정!$B$8,Z7>=설정!$B$9),"✅ 판매추천",IF(Z7>0,"⚠️ 마진부족","❌ 제외"))))))
A8: 4 | G8: =IF(E8="","",E8+F8) | J8: =IF(H8="","",H8+I8) | M8: =IF(K8="","",K8+L8) | O8: =IF(COUNT(G8,J8,M8)=0,"",MIN(G8,J8,M8)) | P8: =IF(O8="","",IF(O8=G8,"스페셜오퍼",IF(O8=J8,"도매매","도매꾹"))) | Q8: =IF(COUNT(G8,J8,M8)<2,"",MAX(G8,J8,M8)-MIN(G8,J8,M8)) | T8: =IF(COUNT(R8,S8)=0,"",MIN(R8,S8)) | U8: =IF(OR(O8="",T8=""),"",O8/T8) | V8: =IF(T8="","",ROUNDDOWN(T8*(1-설정!$B$3),-2)) | X8: =IF(W8<>"",W8,V8) | Y8: =IF(X8="","",X8*설정!$B$4) | Z8: =IF(OR(X8="",O8=""),"",X8-Y8-O8-설정!$B$7) | AA8: =IF(OR(Z8="",X8=0),"",Z8/X8) | AB8: =IF(OR(T8="",O8=""),"",(T8+설정!$B$10)*(1-설정!$B$5)-O8) | AC8: =IF(OR(T8="",O8=""),"",(T8+설정!$B$10)*(1-설정!$B$6)-O8) | AD8: =IF(B8="","",IF(OR(O8="",T8=""),"가격 입력 필요",IF(Z8<=0,"❌ 제외",IF(AND(P8="도매꾹",N8>1),"⚠️ 최소수량 확인",IF(AND(AA8>=설정!$B$8,Z8>=설정!$B$9),"✅ 판매추천",IF(Z8>0,"⚠️ 마진부족","❌ 제외"))))))
A9: 5 | G9: =IF(E9="","",E9+F9) | J9: =IF(H9="","",H9+I9) | M9: =IF(K9="","",K9+L9) | O9: =IF(COUNT(G9,J9,M9)=0,"",MIN(G9,J9,M9)) | P9: =IF(O9="","",IF(O9=G9,"스페셜오퍼",IF(O9=J9,"도매매","도매꾹"))) | Q9: =IF(COUNT(G9,J9,M9)<2,"",MAX(G9,J9,M9)-MIN(G9,J9,M9)) | T9: =IF(COUNT(R9,S9)=0,"",MIN(R9,S9)) | U9: =IF(OR(O9="",T9=""),"",O9/T9) | V9: =IF(T9="","",ROUNDDOWN(T9*(1-설정!$B$3),-2)) | X9: =IF(W9<>"",W9,V9) | Y9: =IF(X9="","",X9*설정!$B$4) | Z9: =IF(OR(X9="",O9=""),"",X9-Y9-O9-설정!$B$7) | AA9: =IF(OR(Z9="",X9=0),"",Z9/X9) | AB9: =IF(OR(T9="",O9=""),"",(T9+설정!$B$10)*(1-설정!$B$5)-O9) | AC9: =IF(OR(T9="",O9=""),"",(T9+설정!$B$10)*(1-설정!$B$6)-O9) | AD9: =IF(B9="","",IF(OR(O9="",T9=""),"가격 입력 필요",IF(Z9<=0,"❌ 제외",IF(AND(P9="도매꾹",N9>1),"⚠️ 최소수량 확인",IF(AND(AA9>=설정!$B$8,Z9>=설정!$B$9),"✅ 판매추천",IF(Z9>0,"⚠️ 마진부족","❌ 제외"))))))
A10: 6 | G10: =IF(E10="","",E10+F10) | J10: =IF(H10="","",H10+I10) | M10: =IF(K10="","",K10+L10) | O10: =IF(COUNT(G10,J10,M10)=0,"",MIN(G10,J10,M10)) | P10: =IF(O10="","",IF(O10=G10,"스페셜오퍼",IF(O10=J10,"도매매","도매꾹"))) | Q10: =IF(COUNT(G10,J10,M10)<2,"",MAX(G10,J10,M10)-MIN(G10,J10,M10)) | T10: =IF(COUNT(R10,S10)=0,"",MIN(R10,S10)) | U10: =IF(OR(O10="",T10=""),"",O10/T10) | V10: =IF(T10="","",ROUNDDOWN(T10*(1-설정!$B$3),-2)) | X10: =IF(W10<>"",W10,V10) | Y10: =IF(X10="","",X10*설정!$B$4) | Z10: =IF(OR(X10="",O10=""),"",X10-Y10-O10-설정!$B$7) | AA10: =IF(OR(Z10="",X10=0),"",Z10/X10) | AB10: =IF(OR(T10="",O10=""),"",(T10+설정!$B$10)*(1-설정!$B$5)-O10) | AC10: =IF(OR(T10="",O10=""),"",(T10+설정!$B$10)*(1-설정!$B$6)-O10) | AD10: =IF(B10="","",IF(OR(O10="",T10=""),"가격 입력 필요",IF(Z10<=0,"❌ 제외",IF(AND(P10="도매꾹",N10>1),"⚠️ 최소수량 확인",IF(AND(AA10>=설정!$B$8,Z10>=설정!$B$9),"✅ 판매추천",IF(Z10>0,"⚠️ 마진부족","❌ 제외"))))))
A11: 7 | G11: =IF(E11="","",E11+F11) | J11: =IF(H11="","",H11+I11) | M11: =IF(K11="","",K11+L11) | O11: =IF(COUNT(G11,J11,M11)=0,"",MIN(G11,J11,M11)) | P11: =IF(O11="","",IF(O11=G11,"스페셜오퍼",IF(O11=J11,"도매매","도매꾹"))) | Q11: =IF(COUNT(G11,J11,M11)<2,"",MAX(G11,J11,M11)-MIN(G11,J11,M11)) | T11: =IF(COUNT(R11,S11)=0,"",MIN(R11,S11)) | U11: =IF(OR(O11="",T11=""),"",O11/T11) | V11: =IF(T11="","",ROUNDDOWN(T11*(1-설정!$B$3),-2)) | X11: =IF(W11<>"",W11,V11) | Y11: =IF(X11="","",X11*설정!$B$4) | Z11: =IF(OR(X11="",O11=""),"",X11-Y11-O11-설정!$B$7) | AA11: =IF(OR(Z11="",X11=0),"",Z11/X11) | AB11: =IF(OR(T11="",O11=""),"",(T11+설정!$B$10)*(1-설정!$B$5)-O11) | AC11: =IF(OR(T11="",O11=""),"",(T11+설정!$B$10)*(1-설정!$B$6)-O11) | AD11: =IF(B11="","",IF(OR(O11="",T11=""),"가격 입력 필요",IF(Z11<=0,"❌ 제외",IF(AND(P11="도매꾹",N11>1),"⚠️ 최소수량 확인",IF(AND(AA11>=설정!$B$8,Z11>=설정!$B$9),"✅ 판매추천",IF(Z11>0,"⚠️ 마진부족","❌ 제외"))))))
A12: 8 | G12: =IF(E12="","",E12+F12) | J12: =IF(H12="","",H12+I12) | M12: =IF(K12="","",K12+L12) | O12: =IF(COUNT(G12,J12,M12)=0,"",MIN(G12,J12,M12)) | P12: =IF(O12="","",IF(O12=G12,"스페셜오퍼",IF(O12=J12,"도매매","도매꾹"))) | Q12: =IF(COUNT(G12,J12,M12)<2,"",MAX(G12,J12,M12)-MIN(G12,J12,M12)) | T12: =IF(COUNT(R12,S12)=0,"",MIN(R12,S12)) | U12: =IF(OR(O12="",T12=""),"",O12/T12) | V12: =IF(T12="","",ROUNDDOWN(T12*(1-설정!$B$3),-2)) | X12: =IF(W12<>"",W12,V12) | Y12: =IF(X12="","",X12*설정!$B$4) | Z12: =IF(OR(X12="",O12=""),"",X12-Y12-O12-설정!$B$7) | AA12: =IF(OR(Z12="",X12=0),"",Z12/X12) | AB12: =IF(OR(T12="",O12=""),"",(T12+설정!$B$10)*(1-설정!$B$5)-O12) | AC12: =IF(OR(T12="",O12=""),"",(T12+설정!$B$10)*(1-설정!$B$6)-O12) | AD12: =IF(B12="","",IF(OR(O12="",T12=""),"가격 입력 필요",IF(Z12<=0,"❌ 제외",IF(AND(P12="도매꾹",N12>1),"⚠️ 최소수량 확인",IF(AND(AA12>=설정!$B$8,Z12>=설정!$B$9),"✅ 판매추천",IF(Z12>0,"⚠️ 마진부족","❌ 제외"))))))
A13: 9 | G13: =IF(E13="","",E13+F13) | J13: =IF(H13="","",H13+I13) | M13: =IF(K13="","",K13+L13) | O13: =IF(COUNT(G13,J13,M13)=0,"",MIN(G13,J13,M13)) | P13: =IF(O13="","",IF(O13=G13,"스페셜오퍼",IF(O13=J13,"도매매","도매꾹"))) | Q13: =IF(COUNT(G13,J13,M13)<2,"",MAX(G13,J13,M13)-MIN(G13,J13,M13)) | T13: =IF(COUNT(R13,S13)=0,"",MIN(R13,S13)) | U13: =IF(OR(O13="",T13=""),"",O13/T13) | V13: =IF(T13="","",ROUNDDOWN(T13*(1-설정!$B$3),-2)) | X13: =IF(W13<>"",W13,V13) | Y13: =IF(X13="","",X13*설정!$B$4) | Z13: =IF(OR(X13="",O13=""),"",X13-Y13-O13-설정!$B$7) | AA13: =IF(OR(Z13="",X13=0),"",Z13/X13) | AB13: =IF(OR(T13="",O13=""),"",(T13+설정!$B$10)*(1-설정!$B$5)-O13) | AC13: =IF(OR(T13="",O13=""),"",(T13+설정!$B$10)*(1-설정!$B$6)-O13) | AD13: =IF(B13="","",IF(OR(O13="",T13=""),"가격 입력 필요",IF(Z13<=0,"❌ 제외",IF(AND(P13="도매꾹",N13>1),"⚠️ 최소수량 확인",IF(AND(AA13>=설정!$B$8,Z13>=설정!$B$9),"✅ 판매추천",IF(Z13>0,"⚠️ 마진부족","❌ 제외"))))))
A14: 10 | G14: =IF(E14="","",E14+F14) | J14: =IF(H14="","",H14+I14) | M14: =IF(K14="","",K14+L14) | O14: =IF(COUNT(G14,J14,M14)=0,"",MIN(G14,J14,M14)) | P14: =IF(O14="","",IF(O14=G14,"스페셜오퍼",IF(O14=J14,"도매매","도매꾹"))) | Q14: =IF(COUNT(G14,J14,M14)<2,"",MAX(G14,J14,M14)-MIN(G14,J14,M14)) | T14: =IF(COUNT(R14,S14)=0,"",MIN(R14,S14)) | U14: =IF(OR(O14="",T14=""),"",O14/T14) | V14: =IF(T14="","",ROUNDDOWN(T14*(1-설정!$B$3),-2)) | X14: =IF(W14<>"",W14,V14) | Y14: =IF(X14="","",X14*설정!$B$4) | Z14: =IF(OR(X14="",O14=""),"",X14-Y14-O14-설정!$B$7) | AA14: =IF(OR(Z14="",X14=0),"",Z14/X14) | AB14: =IF(OR(T14="",O14=""),"",(T14+설정!$B$10)*(1-설정!$B$5)-O14) | AC14: =IF(OR(T14="",O14=""),"",(T14+설정!$B$10)*(1-설정!$B$6)-O14) | AD14: =IF(B14="","",IF(OR(O14="",T14=""),"가격 입력 필요",IF(Z14<=0,"❌ 제외",IF(AND(P14="도매꾹",N14>1),"⚠️ 최소수량 확인",IF(AND(AA14>=설정!$B$8,Z14>=설정!$B$9),"✅ 판매추천",IF(Z14>0,"⚠️ 마진부족","❌ 제외"))))))
A15: 11 | G15: =IF(E15="","",E15+F15) | J15: =IF(H15="","",H15+I15) | M15: =IF(K15="","",K15+L15) | O15: =IF(COUNT(G15,J15,M15)=0,"",MIN(G15,J15,M15)) | P15: =IF(O15="","",IF(O15=G15,"스페셜오퍼",IF(O15=J15,"도매매","도매꾹"))) | Q15: =IF(COUNT(G15,J15,M15)<2,"",MAX(G15,J15,M15)-MIN(G15,J15,M15)) | T15: =IF(COUNT(R15,S15)=0,"",MIN(R15,S15)) | U15: =IF(OR(O15="",T15=""),"",O15/T15) | V15: =IF(T15="","",ROUNDDOWN(T15*(1-설정!$B$3),-2)) | X15: =IF(W15<>"",W15,V15) | Y15: =IF(X15="","",X15*설정!$B$4) | Z15: =IF(OR(X15="",O15=""),"",X15-Y15-O15-설정!$B$7) | AA15: =IF(OR(Z15="",X15=0),"",Z15/X15) | AB15: =IF(OR(T15="",O15=""),"",(T15+설정!$B$10)*(1-설정!$B$5)-O15) | AC15: =IF(OR(T15="",O15=""),"",(T15+설정!$B$10)*(1-설정!$B$6)-O15) | AD15: =IF(B15="","",IF(OR(O15="",T15=""),"가격 입력 필요",IF(Z15<=0,"❌ 제외",IF(AND(P15="도매꾹",N15>1),"⚠️ 최소수량 확인",IF(AND(AA15>=설정!$B$8,Z15>=설정!$B$9),"✅ 판매추천",IF(Z15>0,"⚠️ 마진부족","❌ 제외"))))))
A16: 12 | G16: =IF(E16="","",E16+F16) | J16: =IF(H16="","",H16+I16) | M16: =IF(K16="","",K16+L16) | O16: =IF(COUNT(G16,J16,M16)=0,"",MIN(G16,J16,M16)) | P16: =IF(O16="","",IF(O16=G16,"스페셜오퍼",IF(O16=J16,"도매매","도매꾹"))) | Q16: =IF(COUNT(G16,J16,M16)<2,"",MAX(G16,J16,M16)-MIN(G16,J16,M16)) | T16: =IF(COUNT(R16,S16)=0,"",MIN(R16,S16)) | U16: =IF(OR(O16="",T16=""),"",O16/T16) | V16: =IF(T16="","",ROUNDDOWN(T16*(1-설정!$B$3),-2)) | X16: =IF(W16<>"",W16,V16) | Y16: =IF(X16="","",X16*설정!$B$4) | Z16: =IF(OR(X16="",O16=""),"",X16-Y16-O16-설정!$B$7) | AA16: =IF(OR(Z16="",X16=0),"",Z16/X16) | AB16: =IF(OR(T16="",O16=""),"",(T16+설정!$B$10)*(1-설정!$B$5)-O16) | AC16: =IF(OR(T16="",O16=""),"",(T16+설정!$B$10)*(1-설정!$B$6)-O16) | AD16: =IF(B16="","",IF(OR(O16="",T16=""),"가격 입력 필요",IF(Z16<=0,"❌ 제외",IF(AND(P16="도매꾹",N16>1),"⚠️ 최소수량 확인",IF(AND(AA16>=설정!$B$8,Z16>=설정!$B$9),"✅ 판매추천",IF(Z16>0,"⚠️ 마진부족","❌ 제외"))))))
A17: 13 | G17: =IF(E17="","",E17+F17) | J17: =IF(H17="","",H17+I17) | M17: =IF(K17="","",K17+L17) | O17: =IF(COUNT(G17,J17,M17)=0,"",MIN(G17,J17,M17)) | P17: =IF(O17="","",IF(O17=G17,"스페셜오퍼",IF(O17=J17,"도매매","도매꾹"))) | Q17: =IF(COUNT(G17,J17,M17)<2,"",MAX(G17,J17,M17)-MIN(G17,J17,M17)) | T17: =IF(COUNT(R17,S17)=0,"",MIN(R17,S17)) | U17: =IF(OR(O17="",T17=""),"",O17/T17) | V17: =IF(T17="","",ROUNDDOWN(T17*(1-설정!$B$3),-2)) | X17: =IF(W17<>"",W17,V17) | Y17: =IF(X17="","",X17*설정!$B$4) | Z17: =IF(OR(X17="",O17=""),"",X17-Y17-O17-설정!$B$7) | AA17: =IF(OR(Z17="",X17=0),"",Z17/X17) | AB17: =IF(OR(T17="",O17=""),"",(T17+설정!$B$10)*(1-설정!$B$5)-O17) | AC17: =IF(OR(T17="",O17=""),"",(T17+설정!$B$10)*(1-설정!$B$6)-O17) | AD17: =IF(B17="","",IF(OR(O17="",T17=""),"가격 입력 필요",IF(Z17<=0,"❌ 제외",IF(AND(P17="도매꾹",N17>1),"⚠️ 최소수량 확인",IF(AND(AA17>=설정!$B$8,Z17>=설정!$B$9),"✅ 판매추천",IF(Z17>0,"⚠️ 마진부족","❌ 제외"))))))
A18: 14 | G18: =IF(E18="","",E18+F18) | J18: =IF(H18="","",H18+I18) | M18: =IF(K18="","",K18+L18) | O18: =IF(COUNT(G18,J18,M18)=0,"",MIN(G18,J18,M18)) | P18: =IF(O18="","",IF(O18=G18,"스페셜오퍼",IF(O18=J18,"도매매","도매꾹"))) | Q18: =IF(COUNT(G18,J18,M18)<2,"",MAX(G18,J18,M18)-MIN(G18,J18,M18)) | T18: =IF(COUNT(R18,S18)=0,"",MIN(R18,S18)) | U18: =IF(OR(O18="",T18=""),"",O18/T18) | V18: =IF(T18="","",ROUNDDOWN(T18*(1-설정!$B$3),-2)) | X18: =IF(W18<>"",W18,V18) | Y18: =IF(X18="","",X18*설정!$B$4) | Z18: =IF(OR(X18="",O18=""),"",X18-Y18-O18-설정!$B$7) | AA18: =IF(OR(Z18="",X18=0),"",Z18/X18) | AB18: =IF(OR(T18="",O18=""),"",(T18+설정!$B$10)*(1-설정!$B$5)-O18) | AC18: =IF(OR(T18="",O18=""),"",(T18+설정!$B$10)*(1-설정!$B$6)-O18) | AD18: =IF(B18="","",IF(OR(O18="",T18=""),"가격 입력 필요",IF(Z18<=0,"❌ 제외",IF(AND(P18="도매꾹",N18>1),"⚠️ 최소수량 확인",IF(AND(AA18>=설정!$B$8,Z18>=설정!$B$9),"✅ 판매추천",IF(Z18>0,"⚠️ 마진부족","❌ 제외"))))))
... A204: 200 | G204: =IF(E204="","",E204+F204) | J204: =IF(H204="","",H204+I204) | M204: =IF(K204="","",K204+L204) | O204: =IF(COUNT(G204,J204,M204)=0,"",MIN(G204,J204,M204)) | P204: =IF(O204="","",IF(O204=G204,"스페셜오퍼",IF(O204=J204,"도매매","도매꾹"))) | Q204: =IF(COUNT(G204,J204,M204)<2,"",MAX(G204,J204,M204)-MIN(G204,J204,M204)) | T204: =IF(COUNT(R204,S204)=0,"",MIN(R204,S204)) | U204: =IF(OR(O204="",T204=""),"",O204/T204) | V204: =IF(T204="","",ROUNDDOWN(T204*(1-설정!$B$3),-2)) | X204: =IF(W204<>"",W204,V204) | Y204: =IF(X204="","",X204*설정!$B$4) | Z204: =IF(OR(X204="",O204=""),"",X204-Y204-O204-설정!$B$7) | AA204: =IF(OR(Z204="",X204=0),"",Z204/X204) | AB204: =IF(OR(T204="",O204=""),"",(T204+설정!$B$10)*(1-설정!$B$5)-O204) | AC204: =IF(OR(T204="",O204=""),"",(T204+설정!$B$10)*(1-설정!$B$6)-O204) | AD204: =IF(B204="","",IF(OR(O204="",T204=""),"가격 입력 필요",IF(Z204<=0,"❌ 제외",IF(AND(P204="도매꾹",N204>1),"⚠️ 최소수량 확인",IF(AND(AA204>=설정!$B$8,Z204>=설정!$B$9),"✅ 판매추천",IF(Z204>0,"⚠️ 마진부족","❌ 제외"))))))

Sheet 설정
A1: 기준값 설정 (노란 칸만 수정)
A3: 당근 판매가 할인율 (시장 최저가 대비) | B3: 0.1 | C3: 당근 판매가를 시장 최저가보다 몇 % 싸게 잡을지. 전자책 권장 20~30%는 '시중가' 기준이며, 여기서는 이미 '최저가' 기준이라 10%를 출발점으로 둔 가정값.
A4: 당근 비즈프로필 판매 수수료 | B4: 0.05 | C4: 가정값. 당근 앱 비즈프로필 > 상품 판매 안내에서 실제 수수료를 확인해 수정하세요.
A5: 스마트스토어 수수료 (결제+연동 합산) | B5: 0.06 | C5: 가정값(네이버페이 주문관리 + 네이버쇼핑 매출연동 수수료 대략 합산). 판매자센터에서 실제 요율 확인 후 수정.
A6: 쿠팡 판매 수수료 | B6: 0.108 | C6: 가정값(다수 카테고리 기준 대략치). 카테고리별로 다르니 쿠팡 윙에서 확인 후 수정.
A7: 건당 예상 광고비 (원) | B7: 1000 | C7: 가정값. 광고 테스트 후 '광고비 ÷ 판매건수'로 갱신하세요.
A8: 판매추천 최소 마진율 | B8: 0.2 | C8: 가정값. 이 마진율 이상 + 아래 최소 마진액 이상일 때 '판매추천'.
A9: 판매추천 최소 마진액 (원) | B9: 3000 | C9: 가정값. 건당 이 금액 이상 남아야 판매추천.
A10: 오픈마켓 최저가 대비 가격 (원) | B10: -100 | C10: 스마트스토어/쿠팡에 올린다면 시장 최저가보다 얼마 낮게 팔지 (−100 = 100원 싸게).

Sheet 소싱체크리스트
A1: 상품 선정 체크리스트 (판정 '✅' 상품만 최종 점검)
A3: 구분 | B3: 확인 항목 | C3: 체크(O/X)
A4: 가격 | B4: 3사(스페셜오퍼·도매매·도매꾹) 모두 검색해 '배송비 포함' 단가를 비교했다
A5: 가격 | B5: 스마트스토어·쿠팡 최저가가 '같은 모델·같은 구성'인지 확인했다
A6: 가격 | B6: 쿠팡 로켓배송 가격이 내 원가보다 낮지 않다 (로켓 최저가는 이기기 어려움)
A7: 위탁 | B7: 최소구매수량 1개, 고객 직배송(위탁배송)이 가능하다
A8: 위탁 | B8: 송하인(보내는 사람)을 내 상호로 지정할 수 있다
A9: 위탁 | B9: 발주마감 시간과 평균 출고일을 확인했다
A10: 품질 | B10: 출고율 최우수 / 취소율 0%에 가깝다 (스페셜오퍼 등급 표시)
A11: 품질 | B11: 반품·불량 처리 절차가 있다
A12: 품질 | B12: 샘플 1개를 직접 사서 확인했다
A13: 판매 | B13: 상품명을 검색하면 판매처가 너무 많지 않다 (경쟁 강도)
A14: 판매 | B14: 부피 작고 파손 위험 낮은 상품이다
A15: 판매 | B15: 지금 계절·시즌에 맞는 상품이다
... A17: 법규 | B17: 상표·브랜드 무단사용(짝퉁) 위험이 없다
